<?xml version="1.0" encoding="UTF-8" standalone="yes"?>
<rest-connector xmlns="http://www.softwareag.com/cloudstreams/metadata/handler/model" id="com.softwareag.beaconstac_v1" version="1.0" group="Beaconstac" name="BeaconstacProvider_v1" displayName="BeaconstacProvider_v1">
    <connections>
        <connection type="sagcloud" name="SAG_Connection" displayName="SAG_Connection">
            <groups>
                <group type="connection" name="connection" displayName="Connection">
                    <description>Define the required connection configurations to initiate communication with the SaaS provider.</description>
                    <fields>
                        <field isRequired="true" isEncrypted="false" isHidden="false" isArray="false" defaultValue="https://api.beaconstac.com/api/2.0" name="cn.providerUrl" displayName="Server URL">
                            <description>The native provider endpoint target for the connection configuration</description>
                        </field>
                    </fields>
                </group>
                <group type="custom" name="custom" displayName="Custom">
                    <description>Define any custom configurations specific to the SaaS provider.</description>
                    <fields>
                        <field type="string" isRequired="true" isEncrypted="false" isHidden="false" isArray="false" modelType="Basic" name="cx.Authorization" displayName="Authorization"/>
                    </fields>
                </group>
            </groups>
        </connection>
    </connections>
    <services>
        <service xmlns:xsi="http://www.w3.org/2001/XMLSchema-instance" xsi:type="RESTServiceType" endpoint="${cn.providerUrl}" name="organization" displayName="Organization">
            <documentModel packageName="." nsName="com.softwareag.beaconstac_v1.organization.doctypes" useInlineModel="true"/>
            <resources>
                <lookups/>
                <mappings>
                    <map isRequired="true" context="IN" name="Authorization" displayName="Authorization">
                        <source type="IDATA">cx.Authorization</source>
                        <target type="HEADER">Authorization</target>
                    </map>
                </mappings>
                <resource method="GET" path="/organizations/{organizationId}/counts/" type="SIMPLE" name="getCountofobjectsassociatedwiththeOrganization" displayName="Count of objects associated with the Organization">
                    <mappings/>
                    <parameters>
                        <parameter name="organizationId" isRequired="true" style="URI_CONTEXT"/>
                    </parameters>
                    <responses>
                        <response name="countObjectResponse" code="200" messageFormatterType="application/octet+idataoref" builderType="application/json" documentRef="com.softwareag.beaconstac_v1.organization.doctypes:countObjectResponse" excludeRoot="true" dimension="0"/>
                        <response name="errorResponse" code="401-499" messageFormatterType="application/octet+idataoref" builderType="application/json" documentRef="com.softwareag.beaconstac_v1.organization.doctypes:errorResponse" excludeRoot="true" dimension="0"/>
                    </responses>
                </resource>
                <resource method="GET" path="/organizations" type="SIMPLE" name="getListallOrganizationsassociatedtoyouraccount" displayName="List all Organizations associated to your account">
                    <mappings/>
                    <parameters/>
                    <responses>
                        <response name="ListAllOrganizationsAssociatedTooYourAccountResponse" code="200" messageFormatterType="application/octet+idataoref" builderType="application/json" documentRef="com.softwareag.beaconstac_v1.organization.doctypes:ListAllOrganizationsAssociatedTooYourAccountResponse" excludeRoot="true" dimension="0"/>
                        <response name="errorResponse" code="400-499" messageFormatterType="application/octet+idataoref" builderType="application/json" documentRef="com.softwareag.beaconstac_v1.organization.doctypes:errorResponse" excludeRoot="true" dimension="0"/>
                    </responses>
                </resource>
                <resource method="GET" path="/organizations/{organizationsId}" type="SIMPLE" name="getRetreiveanOrganization" displayName="Retreive an Organization">
                    <mappings/>
                    <parameters>
                        <parameter name="organizationsId" isRequired="true" style="URI_CONTEXT"/>
                    </parameters>
                    <responses>
                        <response name="retrieveOrganizationRes" code="200" messageFormatterType="application/octet+idataoref" builderType="application/json" documentRef="com.softwareag.beaconstac_v1.organization.doctypes:retrieveOrganizationRes" excludeRoot="true" dimension="0"/>
                        <response name="errorResponse" code="401-499" messageFormatterType="application/octet+idataoref" builderType="application/json" documentRef="com.softwareag.beaconstac_v1.organization.doctypes:errorResponse" excludeRoot="true" dimension="0"/>
                    </responses>
                </resource>
                <resource method="POST" path="/organizations" type="SIMPLE" name="postCreateChildOrganization" displayName="Create Child Organization">
                    <mappings/>
                    <parameters/>
                    <request name="createOrganizationReq" messageFormatterType="application/json" builderType="application/octet+idataoref" documentRef="com.softwareag.beaconstac_v1.organization.doctypes:createOrganizationReq" excludeRoot="true" dimension="0"/>
                    <responses>
                        <response name="createOrganizationRes" code="200" messageFormatterType="application/octet+idataoref" builderType="application/json" documentRef="com.softwareag.beaconstac_v1.organization.doctypes:createOrganizationRes" excludeRoot="true" dimension="0"/>
                        <response name="errorResponse" code="401-499" messageFormatterType="application/octet+idataoref" builderType="application/json" documentRef="com.softwareag.beaconstac_v1.organization.doctypes:errorResponse" excludeRoot="true" dimension="0"/>
                    </responses>
                </resource>
                <resource method="PUT" path="/organizations/{organizationId}" type="SIMPLE" name="putupdateorganization" displayName="update organization">
                    <mappings/>
                    <parameters>
                        <parameter name="organizationId" isRequired="true" style="URI_CONTEXT"/>
                    </parameters>
                    <request name="updateOrganizationReq" messageFormatterType="application/json" builderType="application/octet+idataoref" documentRef="com.softwareag.beaconstac_v1.organization.doctypes:updateOrganizationReq" excludeRoot="true" dimension="0"/>
                    <responses>
                        <response name="updateOrganizationRes" code="200" messageFormatterType="application/octet+idataoref" builderType="application/json" documentRef="com.softwareag.beaconstac_v1.organization.doctypes:updateOrganizationRes" excludeRoot="true" dimension="0"/>
                        <response name="errorResponse" code="401-499" messageFormatterType="application/octet+idataoref" builderType="application/json" documentRef="com.softwareag.beaconstac_v1.organization.doctypes:errorResponse" excludeRoot="true" dimension="0"/>
                    </responses>
                </resource>
            </resources>
        </service>
        <service xmlns:xsi="http://www.w3.org/2001/XMLSchema-instance" xsi:type="RESTServiceType" endpoint="${cn.providerUrl}" name="places" displayName="Places">
            <documentModel packageName="." nsName="com.softwareag.beaconstac_v1.places.doctypes" useInlineModel="true"/>
            <resources>
                <mappings>
                    <map isRequired="true" context="IN" name="Authorization" displayName="Authorization">
                        <source type="IDATA">cx.Authorization</source>
                        <target type="HEADER">Authorization</target>
                    </map>
                </mappings>
                <resource method="GET" path="/places" type="SIMPLE" name="getlistAllPlaces" displayName="listAllPlaces">
                    <mappings/>
                    <parameters/>
                    <responses>
                        <response name="stream" code="200" messageFormatterType="vnd.sag.cloudstreams+binary" builderType="vnd.sag.cloudstreams+binary" dimension="0"/>
                    </responses>
                </resource>
                <resource method="GET" path="/places/{placeId}" type="SIMPLE" name="getretrievePlaces" displayName="retrievePlaces">
                    <mappings/>
                    <parameters>
                        <parameter name="placeId" isRequired="true" style="URI_CONTEXT"/>
                    </parameters>
                    <responses>
                        <response name="stream" code="200" messageFormatterType="vnd.sag.cloudstreams+binary" builderType="vnd.sag.cloudstreams+binary" dimension="0"/>
                    </responses>
                </resource>
                <resource method="POST" path="/places" type="SIMPLE" name="postcreateNewPlaces" displayName="createNewPlaces">
                    <mappings/>
                    <parameters/>
                    <request name="stream" messageFormatterType="vnd.sag.cloudstreams+binary" builderType="vnd.sag.cloudstreams+binary" dimension="0"/>
                    <responses>
                        <response name="stream" code="200" messageFormatterType="vnd.sag.cloudstreams+binary" builderType="vnd.sag.cloudstreams+binary" dimension="0"/>
                    </responses>
                </resource>
                <resource method="PUT" path="/places/{placeId}" type="SIMPLE" name="putupdatePlace" displayName="updatePlace">
                    <mappings/>
                    <parameters>
                        <parameter name="placeId" isRequired="true" style="URI_CONTEXT"/>
                    </parameters>
                    <request name="stream" messageFormatterType="vnd.sag.cloudstreams+binary" builderType="vnd.sag.cloudstreams+binary" dimension="0"/>
                    <responses>
                        <response name="stream" code="200" messageFormatterType="vnd.sag.cloudstreams+binary" builderType="vnd.sag.cloudstreams+binary" dimension="0"/>
                    </responses>
                </resource>
            </resources>
        </service>
    </services>
</rest-connector>
